<?xml version="1.0" encoding="utf-8" ?>
<extension type = "plugin"
		   version = "2.5"
		   group = "system"
		   method = "upgrade">
	<name>Srizon Modifier</name>
	<author>Md. Afzal Hossain</author>
	<creationDate>Feb 2015</creationDate>
	<copyright>Md. Afzal Hossain</copyright>
	<license>GNU General Public License version 2 or later</license>
	<authorEmail>afzal.csedu@gmail.com</authorEmail>
	<authorUrl>www.srizon.com</authorUrl>
	<version>1.0.0</version>
	<description>
		This Plugin modifies the final output of the page. Useful for removing duplicate js/css or adding some custom
		code
	</description>
	<files>
		<filename plugin = "srizonmodifier">srizonmodifier.php</filename>
		<filename>index.html</filename>
	</files>
	<config>

		<fields name = "params">
			<fieldset name = "basic">
				<field name = "runonadmin"
					   type = "radio"
					   class = "btn-group btn-group-yesno"
					   default = "0"
					   label = "Run on Admin"
					   description = "">
					<option value = "1">JYES</option>
					<option value = "0">JNO</option>
				</field>
				<field name = "removelines"
					   type = "textarea"
					   default = ""
					   label = "Remove These Lines"
					   rows = "5"
					   cols = "50"
					   filter="raw"
					   class="span10"
					   description = "Remove these lines from the html output. Separate multiple code new line"/>
				<field name = "addaftertitle"
					   type = "textarea"
					   default = ""
					   label = "Add after title tag"
					   rows = "3"
					   cols = "50"
					   filter="raw"
					   class="span10"
					   description = "These lines will be added just after the title tag inside head"/>

				<field name = "addbeforeheadclose"
					   type = "textarea"
					   default = ""
					   label = "Add before closing head"
					   rows = "3"
					   cols = "50"
					   filter="raw"
					   class="span10"
					   description = "These lines will be added just before closing head"/>

				<field name = "addbeforebodyclose"
					   type = "textarea"
					   default = ""
					   label = "Add before closing body"
					   rows = "3"
					   cols = "50"
					   filter="raw"
					   class="span10"
					   description = "These lines will be added just before closing body"/>
			</fieldset>
		</fields>
	</config>
</extension>
